/****************************************************************
** SQL    :   CVX_TMPL_INSTL_CT_HIST_METADATA
**
** Revision:  Version 11.2
**
** Purpose  : Installing template metadata 
**
** Created  : 31-Jan-2018  Gayatri Kulkarni
**
** Modification history:
**
** Version  Date        Whom      		Change description:
** -------  ------      -----     		-----------------------------------
** 11.2     31-Jan-2018  Gayatri  		Template upgrade EC.11.2
*****************************************************************/

set define off
--
-- Loading Class (product)
--
--
-- Loading Attribute (product)
--
--
-- Loading Relation (product)
--
--
-- Loading Dependency (product)
--
--
-- Loading Action (original)
--
--
-- Loading Action (product)
--
--
-- Loading Delete Action (product)
--
--
-- Loading Delete Rel. (product)
--
--
-- Loading Class (original)
--
--
-- Loading Attribute (original)
--
--
-- Loading Relation (original)
--
--
-- Loading Dependency (original)
--
--
-- Loading Delete Class (product)
--
--
-- Loading Class (project)
--

INSERT INTO CLASS_CNFG (CLASS_NAME, CLASS_TYPE, APP_SPACE_CNTX, TIME_SCOPE_CODE, DB_OBJECT_TYPE, DB_OBJECT_OWNER, DB_OBJECT_NAME) VALUES ('CT_EC_INSTALL_HISTORY', 'TABLE', 'CVX', 'VERSIONED', 'TABLE', USER, 'CT_EC_INSTALL_HISTORY');
INSERT INTO CLASS_CNFG (CLASS_NAME, CLASS_TYPE, APP_SPACE_CNTX, DB_OBJECT_TYPE, DB_OBJECT_OWNER, DB_OBJECT_NAME) VALUES ('CT_EC_INSTALLED_FEATURES', 'TABLE', 'CVX', 'TABLE', USER, 'CT_EC_INSTALLED_FEATURES');
INSERT INTO CLASS_PROPERTY_CNFG (CLASS_NAME, PROPERTY_CODE, OWNER_CNTX, PRESENTATION_CNTX, PROPERTY_TYPE, PROPERTY_VALUE) VALUES ('CT_EC_INSTALL_HISTORY', 'JOURNAL_RULE_DB_SYNTAX', 2000, '/', 'VIEWLAYER', 'false');
INSERT INTO CLASS_PROPERTY_CNFG (CLASS_NAME, PROPERTY_CODE, OWNER_CNTX, PRESENTATION_CNTX, PROPERTY_TYPE, PROPERTY_VALUE) VALUES ('CT_EC_INSTALL_HISTORY', 'DESCRIPTION', 2000, '/EC', 'APPLICATION', 'EC Install History');
INSERT INTO CLASS_PROPERTY_CNFG (CLASS_NAME, PROPERTY_CODE, OWNER_CNTX, PRESENTATION_CNTX, PROPERTY_TYPE, PROPERTY_VALUE) VALUES ('CT_EC_INSTALLED_FEATURES', 'DESCRIPTION', 2000, '/EC', 'APPLICATION', 'EC Installed Features');
INSERT INTO CLASS_PROPERTY_CNFG (CLASS_NAME, PROPERTY_CODE, OWNER_CNTX, PRESENTATION_CNTX, PROPERTY_TYPE, PROPERTY_VALUE) VALUES ('CT_EC_INSTALL_HISTORY', 'SKIP_TRG_CHECK_IND', 2000, '/', 'VIEWLAYER', 'N');
INSERT INTO CLASS_PROPERTY_CNFG (CLASS_NAME, PROPERTY_CODE, OWNER_CNTX, PRESENTATION_CNTX, PROPERTY_TYPE, PROPERTY_VALUE) VALUES ('CT_EC_INSTALLED_FEATURES', 'SKIP_TRG_CHECK_IND', 2000, '/', 'VIEWLAYER', 'N');
INSERT INTO CLASS_PROPERTY_CNFG (CLASS_NAME, PROPERTY_CODE, OWNER_CNTX, PRESENTATION_CNTX, PROPERTY_TYPE, PROPERTY_VALUE) VALUES ('CT_EC_INSTALL_HISTORY', 'READ_ONLY_IND', 2000, '/', 'VIEWLAYER', 'Y');
INSERT INTO CLASS_PROPERTY_CNFG (CLASS_NAME, PROPERTY_CODE, OWNER_CNTX, PRESENTATION_CNTX, PROPERTY_TYPE, PROPERTY_VALUE) VALUES ('CT_EC_INSTALLED_FEATURES', 'READ_ONLY_IND', 2000, '/', 'VIEWLAYER', 'Y');
INSERT INTO CLASS_PROPERTY_CNFG (CLASS_NAME, PROPERTY_CODE, OWNER_CNTX, PRESENTATION_CNTX, PROPERTY_TYPE, PROPERTY_VALUE) VALUES ('CT_EC_INSTALL_HISTORY', 'LABEL', 2000, '/EC', 'APPLICATION', 'EC Install History');
INSERT INTO CLASS_PROPERTY_CNFG (CLASS_NAME, PROPERTY_CODE, OWNER_CNTX, PRESENTATION_CNTX, PROPERTY_TYPE, PROPERTY_VALUE) VALUES ('CT_EC_INSTALLED_FEATURES', 'LABEL', 2000, '/EC', 'APPLICATION', 'Chevron Installed Features');


--
-- Loading Attribute (project)
--
INSERT INTO CLASS_ATTRIBUTE_CNFG (CLASS_NAME, ATTRIBUTE_NAME, APP_SPACE_CNTX, DATA_TYPE, DB_MAPPING_TYPE, DB_SQL_SYNTAX) VALUES ('CT_EC_INSTALLED_FEATURES', 'CONTEXT_CODE', 'CVX', 'STRING', 'COLUMN', 'CONTEXT_CODE');
INSERT INTO CLASS_ATTRIBUTE_CNFG (CLASS_NAME, ATTRIBUTE_NAME, APP_SPACE_CNTX, DATA_TYPE, DB_MAPPING_TYPE, DB_SQL_SYNTAX) VALUES ('CT_EC_INSTALLED_FEATURES', 'DESCRIPTION', 'CVX', 'STRING', 'COLUMN', 'DESCRIPTION');
INSERT INTO CLASS_ATTRIBUTE_CNFG (CLASS_NAME, ATTRIBUTE_NAME, APP_SPACE_CNTX, DATA_TYPE, DB_MAPPING_TYPE, DB_SQL_SYNTAX) VALUES ('CT_EC_INSTALLED_FEATURES', 'FEATURE_ID', 'CVX', 'STRING', 'COLUMN', 'FEATURE_ID');
INSERT INTO CLASS_ATTRIBUTE_CNFG (CLASS_NAME, ATTRIBUTE_NAME, APP_SPACE_CNTX, DATA_TYPE, DB_MAPPING_TYPE, DB_SQL_SYNTAX) VALUES ('CT_EC_INSTALLED_FEATURES', 'FEATURE_NAME', 'CVX', 'STRING', 'COLUMN', 'FEATURE_NAME');
INSERT INTO CLASS_ATTRIBUTE_CNFG (CLASS_NAME, ATTRIBUTE_NAME, APP_SPACE_CNTX, DATA_TYPE, DB_MAPPING_TYPE, DB_SQL_SYNTAX) VALUES ('CT_EC_INSTALLED_FEATURES', 'MAJOR_VERSION', 'CVX', 'NUMBER', 'COLUMN', 'MAJOR_VERSION');
INSERT INTO CLASS_ATTRIBUTE_CNFG (CLASS_NAME, ATTRIBUTE_NAME, APP_SPACE_CNTX, DATA_TYPE, DB_MAPPING_TYPE, DB_SQL_SYNTAX) VALUES ('CT_EC_INSTALLED_FEATURES', 'MINOR_VERSION', 'CVX', 'NUMBER', 'COLUMN', 'MINOR_VERSION');
INSERT INTO CLASS_ATTRIBUTE_CNFG (CLASS_NAME, ATTRIBUTE_NAME, APP_SPACE_CNTX, DATA_TYPE, DB_MAPPING_TYPE, DB_SQL_SYNTAX) VALUES ('CT_EC_INSTALLED_FEATURES', 'VERSION_STRING', 'CVX', 'STRING', 'FUNCTION', 'MAJOR_VERSION || ''.'' || MINOR_VERSION');
INSERT INTO CLASS_ATTRIBUTE_CNFG (CLASS_NAME, ATTRIBUTE_NAME, APP_SPACE_CNTX, IS_KEY, DATA_TYPE, DB_MAPPING_TYPE, DB_SQL_SYNTAX) VALUES ('CT_EC_INSTALL_HISTORY', 'DESCRIPTION', 'CVX', 'N', 'STRING', 'COLUMN', 'DESCRIPTION');
INSERT INTO CLASS_ATTRIBUTE_CNFG (CLASS_NAME, ATTRIBUTE_NAME, APP_SPACE_CNTX, IS_KEY, DATA_TYPE, DB_MAPPING_TYPE, DB_SQL_SYNTAX) VALUES ('CT_EC_INSTALL_HISTORY', 'INSTALLED_BY', 'CVX', 'N', 'STRING', 'COLUMN', 'INSTALLED_BY');
INSERT INTO CLASS_ATTRIBUTE_CNFG (CLASS_NAME, ATTRIBUTE_NAME, APP_SPACE_CNTX, IS_KEY, DATA_TYPE, DB_MAPPING_TYPE, DB_SQL_SYNTAX) VALUES ('CT_EC_INSTALL_HISTORY', 'INSTALLED_DATE', 'CVX', 'N', 'DATE', 'COLUMN', 'INSTALLED_DATE');
INSERT INTO CLASS_ATTRIBUTE_CNFG (CLASS_NAME, ATTRIBUTE_NAME, APP_SPACE_CNTX, IS_KEY, DATA_TYPE, DB_MAPPING_TYPE, DB_SQL_SYNTAX) VALUES ('CT_EC_INSTALL_HISTORY', 'INSTALL_ID', 'CVX', 'Y', 'STRING', 'COLUMN', 'INSTALL_ID');
INSERT INTO CLASS_ATTRIBUTE_CNFG (CLASS_NAME, ATTRIBUTE_NAME, APP_SPACE_CNTX, DATA_TYPE, DB_MAPPING_TYPE, DB_SQL_SYNTAX) VALUES ('CT_EC_INSTALL_HISTORY', 'PREPARED_BY', 'CVX', 'STRING', 'COLUMN', 'PREPARED_BY');
INSERT INTO CLASS_ATTRIBUTE_CNFG (CLASS_NAME, ATTRIBUTE_NAME, APP_SPACE_CNTX, IS_KEY, DATA_TYPE, DB_MAPPING_TYPE, DB_SQL_SYNTAX) VALUES ('CT_EC_INSTALL_HISTORY', 'RELEASE_DATE', 'CVX', 'Y', 'DATE', 'COLUMN', 'RELEASE_DATE');

--
-- Loading Attribute Property (project)
--
INSERT INTO CLASS_ATTR_PROPERTY_CNFG (CLASS_NAME, ATTRIBUTE_NAME, PROPERTY_CODE, OWNER_CNTX, PRESENTATION_CNTX, PROPERTY_TYPE, PROPERTY_VALUE) VALUES ('CT_EC_INSTALLED_FEATURES', 'CONTEXT_CODE', 'IS_MANDATORY', 2000, '/', 'VIEWLAYER', 'Y');
INSERT INTO CLASS_ATTR_PROPERTY_CNFG (CLASS_NAME, ATTRIBUTE_NAME, PROPERTY_CODE, OWNER_CNTX, PRESENTATION_CNTX, PROPERTY_TYPE, PROPERTY_VALUE) VALUES ('CT_EC_INSTALLED_FEATURES', 'FEATURE_ID', 'IS_MANDATORY', 2000, '/', 'VIEWLAYER', 'Y');
INSERT INTO CLASS_ATTR_PROPERTY_CNFG (CLASS_NAME, ATTRIBUTE_NAME, PROPERTY_CODE, OWNER_CNTX, PRESENTATION_CNTX, PROPERTY_TYPE, PROPERTY_VALUE) VALUES ('CT_EC_INSTALLED_FEATURES', 'FEATURE_NAME', 'IS_MANDATORY', 2000, '/', 'VIEWLAYER', 'Y');
INSERT INTO CLASS_ATTR_PROPERTY_CNFG (CLASS_NAME, ATTRIBUTE_NAME, PROPERTY_CODE, OWNER_CNTX, PRESENTATION_CNTX, PROPERTY_TYPE, PROPERTY_VALUE) VALUES ('CT_EC_INSTALLED_FEATURES', 'MAJOR_VERSION', 'IS_MANDATORY', 2000, '/', 'VIEWLAYER', 'Y');
INSERT INTO CLASS_ATTR_PROPERTY_CNFG (CLASS_NAME, ATTRIBUTE_NAME, PROPERTY_CODE, OWNER_CNTX, PRESENTATION_CNTX, PROPERTY_TYPE, PROPERTY_VALUE) VALUES ('CT_EC_INSTALLED_FEATURES', 'MINOR_VERSION', 'IS_MANDATORY', 2000, '/', 'VIEWLAYER', 'Y');
INSERT INTO CLASS_ATTR_PROPERTY_CNFG (CLASS_NAME, ATTRIBUTE_NAME, PROPERTY_CODE, OWNER_CNTX, PRESENTATION_CNTX, PROPERTY_TYPE, PROPERTY_VALUE) VALUES ('CT_EC_INSTALL_HISTORY', 'DESCRIPTION', 'IS_MANDATORY', 2000, '/', 'VIEWLAYER', 'N');
INSERT INTO CLASS_ATTR_PROPERTY_CNFG (CLASS_NAME, ATTRIBUTE_NAME, PROPERTY_CODE, OWNER_CNTX, PRESENTATION_CNTX, PROPERTY_TYPE, PROPERTY_VALUE) VALUES ('CT_EC_INSTALL_HISTORY', 'INSTALLED_BY', 'IS_MANDATORY', 2000, '/', 'VIEWLAYER', 'N');
INSERT INTO CLASS_ATTR_PROPERTY_CNFG (CLASS_NAME, ATTRIBUTE_NAME, PROPERTY_CODE, OWNER_CNTX, PRESENTATION_CNTX, PROPERTY_TYPE, PROPERTY_VALUE) VALUES ('CT_EC_INSTALL_HISTORY', 'INSTALLED_DATE', 'IS_MANDATORY', 2000, '/', 'VIEWLAYER', 'N');
INSERT INTO CLASS_ATTR_PROPERTY_CNFG (CLASS_NAME, ATTRIBUTE_NAME, PROPERTY_CODE, OWNER_CNTX, PRESENTATION_CNTX, PROPERTY_TYPE, PROPERTY_VALUE) VALUES ('CT_EC_INSTALL_HISTORY', 'INSTALL_ID', 'IS_MANDATORY', 2000, '/', 'VIEWLAYER', 'Y');
INSERT INTO CLASS_ATTR_PROPERTY_CNFG (CLASS_NAME, ATTRIBUTE_NAME, PROPERTY_CODE, OWNER_CNTX, PRESENTATION_CNTX, PROPERTY_TYPE, PROPERTY_VALUE) VALUES ('CT_EC_INSTALL_HISTORY', 'RELEASE_DATE', 'IS_MANDATORY', 2000, '/', 'VIEWLAYER', 'Y');
INSERT INTO CLASS_ATTR_PROPERTY_CNFG (CLASS_NAME, ATTRIBUTE_NAME, PROPERTY_CODE, OWNER_CNTX, PRESENTATION_CNTX, PROPERTY_TYPE, PROPERTY_VALUE) VALUES ('CT_EC_INSTALLED_FEATURES', 'CONTEXT_CODE', 'DESCRIPTION', 2000, '/EC', 'APPLICATION', 'Indicates which department drove the feature.');
INSERT INTO CLASS_ATTR_PROPERTY_CNFG (CLASS_NAME, ATTRIBUTE_NAME, PROPERTY_CODE, OWNER_CNTX, PRESENTATION_CNTX, PROPERTY_TYPE, PROPERTY_VALUE) VALUES ('CT_EC_INSTALLED_FEATURES', 'FEATURE_ID', 'DESCRIPTION', 2000, '/EC', 'APPLICATION', 'A unique ID for the feature');
INSERT INTO CLASS_ATTR_PROPERTY_CNFG (CLASS_NAME, ATTRIBUTE_NAME, PROPERTY_CODE, OWNER_CNTX, PRESENTATION_CNTX, PROPERTY_TYPE, PROPERTY_VALUE) VALUES ('CT_EC_INSTALLED_FEATURES', 'FEATURE_NAME', 'DESCRIPTION', 2000, '/EC', 'APPLICATION', 'A user-friendly name for the feature');
INSERT INTO CLASS_ATTR_PROPERTY_CNFG (CLASS_NAME, ATTRIBUTE_NAME, PROPERTY_CODE, OWNER_CNTX, PRESENTATION_CNTX, PROPERTY_TYPE, PROPERTY_VALUE) VALUES ('CT_EC_INSTALLED_FEATURES', 'MAJOR_VERSION', 'DESCRIPTION', 2000, '/EC', 'APPLICATION', 'Major version number.');
INSERT INTO CLASS_ATTR_PROPERTY_CNFG (CLASS_NAME, ATTRIBUTE_NAME, PROPERTY_CODE, OWNER_CNTX, PRESENTATION_CNTX, PROPERTY_TYPE, PROPERTY_VALUE) VALUES ('CT_EC_INSTALLED_FEATURES', 'MINOR_VERSION', 'DESCRIPTION', 2000, '/EC', 'APPLICATION', 'Major version number.');
INSERT INTO CLASS_ATTR_PROPERTY_CNFG (CLASS_NAME, ATTRIBUTE_NAME, PROPERTY_CODE, OWNER_CNTX, PRESENTATION_CNTX, PROPERTY_TYPE, PROPERTY_VALUE) VALUES ('CT_EC_INSTALLED_FEATURES', 'VERSION_STRING', 'DESCRIPTION', 2000, '/EC', 'APPLICATION', 'Printable version number');
INSERT INTO CLASS_ATTR_PROPERTY_CNFG (CLASS_NAME, ATTRIBUTE_NAME, PROPERTY_CODE, OWNER_CNTX, PRESENTATION_CNTX, PROPERTY_TYPE, PROPERTY_VALUE) VALUES ('CT_EC_INSTALL_HISTORY', 'DESCRIPTION', 'DESCRIPTION', 2000, '/EC', 'APPLICATION', 'Description');
INSERT INTO CLASS_ATTR_PROPERTY_CNFG (CLASS_NAME, ATTRIBUTE_NAME, PROPERTY_CODE, OWNER_CNTX, PRESENTATION_CNTX, PROPERTY_TYPE, PROPERTY_VALUE) VALUES ('CT_EC_INSTALL_HISTORY', 'INSTALLED_BY', 'DESCRIPTION', 2000, '/EC', 'APPLICATION', 'Installed By');
INSERT INTO CLASS_ATTR_PROPERTY_CNFG (CLASS_NAME, ATTRIBUTE_NAME, PROPERTY_CODE, OWNER_CNTX, PRESENTATION_CNTX, PROPERTY_TYPE, PROPERTY_VALUE) VALUES ('CT_EC_INSTALL_HISTORY', 'INSTALLED_DATE', 'DESCRIPTION', 2000, '/EC', 'APPLICATION', 'Install Date');
INSERT INTO CLASS_ATTR_PROPERTY_CNFG (CLASS_NAME, ATTRIBUTE_NAME, PROPERTY_CODE, OWNER_CNTX, PRESENTATION_CNTX, PROPERTY_TYPE, PROPERTY_VALUE) VALUES ('CT_EC_INSTALL_HISTORY', 'INSTALL_ID', 'DESCRIPTION', 2000, '/EC', 'APPLICATION', 'Install ID');
INSERT INTO CLASS_ATTR_PROPERTY_CNFG (CLASS_NAME, ATTRIBUTE_NAME, PROPERTY_CODE, OWNER_CNTX, PRESENTATION_CNTX, PROPERTY_TYPE, PROPERTY_VALUE) VALUES ('CT_EC_INSTALL_HISTORY', 'PREPARED_BY', 'DESCRIPTION', 2000, '/EC', 'APPLICATION', 'The author of this update');
INSERT INTO CLASS_ATTR_PROPERTY_CNFG (CLASS_NAME, ATTRIBUTE_NAME, PROPERTY_CODE, OWNER_CNTX, PRESENTATION_CNTX, PROPERTY_TYPE, PROPERTY_VALUE) VALUES ('CT_EC_INSTALL_HISTORY', 'RELEASE_DATE', 'DESCRIPTION', 2000, '/EC', 'APPLICATION', 'Release Date');
INSERT INTO CLASS_ATTR_PROPERTY_CNFG (CLASS_NAME, ATTRIBUTE_NAME, PROPERTY_CODE, OWNER_CNTX, PRESENTATION_CNTX, PROPERTY_TYPE, PROPERTY_VALUE) VALUES ('CT_EC_INSTALLED_FEATURES', 'VERSION_STRING', 'REPORT_ONLY_IND', 2000, '/', 'VIEWLAYER', 'Y');
INSERT INTO CLASS_ATTR_PROPERTY_CNFG (CLASS_NAME, ATTRIBUTE_NAME, PROPERTY_CODE, OWNER_CNTX, PRESENTATION_CNTX, PROPERTY_TYPE, PROPERTY_VALUE) VALUES ('CT_EC_INSTALLED_FEATURES', 'CONTEXT_CODE', 'DB_SORT_ORDER', 2000, '/', 'VIEWLAYER', '300');
INSERT INTO CLASS_ATTR_PROPERTY_CNFG (CLASS_NAME, ATTRIBUTE_NAME, PROPERTY_CODE, OWNER_CNTX, PRESENTATION_CNTX, PROPERTY_TYPE, PROPERTY_VALUE) VALUES ('CT_EC_INSTALLED_FEATURES', 'DESCRIPTION', 'DB_SORT_ORDER', 2000, '/', 'VIEWLAYER', '700');
INSERT INTO CLASS_ATTR_PROPERTY_CNFG (CLASS_NAME, ATTRIBUTE_NAME, PROPERTY_CODE, OWNER_CNTX, PRESENTATION_CNTX, PROPERTY_TYPE, PROPERTY_VALUE) VALUES ('CT_EC_INSTALLED_FEATURES', 'FEATURE_ID', 'DB_SORT_ORDER', 2000, '/', 'VIEWLAYER', '100');
INSERT INTO CLASS_ATTR_PROPERTY_CNFG (CLASS_NAME, ATTRIBUTE_NAME, PROPERTY_CODE, OWNER_CNTX, PRESENTATION_CNTX, PROPERTY_TYPE, PROPERTY_VALUE) VALUES ('CT_EC_INSTALLED_FEATURES', 'FEATURE_NAME', 'DB_SORT_ORDER', 2000, '/', 'VIEWLAYER', '200');
INSERT INTO CLASS_ATTR_PROPERTY_CNFG (CLASS_NAME, ATTRIBUTE_NAME, PROPERTY_CODE, OWNER_CNTX, PRESENTATION_CNTX, PROPERTY_TYPE, PROPERTY_VALUE) VALUES ('CT_EC_INSTALLED_FEATURES', 'MAJOR_VERSION', 'DB_SORT_ORDER', 2000, '/', 'VIEWLAYER', '400');
INSERT INTO CLASS_ATTR_PROPERTY_CNFG (CLASS_NAME, ATTRIBUTE_NAME, PROPERTY_CODE, OWNER_CNTX, PRESENTATION_CNTX, PROPERTY_TYPE, PROPERTY_VALUE) VALUES ('CT_EC_INSTALLED_FEATURES', 'MINOR_VERSION', 'DB_SORT_ORDER', 2000, '/', 'VIEWLAYER', '500');
INSERT INTO CLASS_ATTR_PROPERTY_CNFG (CLASS_NAME, ATTRIBUTE_NAME, PROPERTY_CODE, OWNER_CNTX, PRESENTATION_CNTX, PROPERTY_TYPE, PROPERTY_VALUE) VALUES ('CT_EC_INSTALLED_FEATURES', 'VERSION_STRING', 'DB_SORT_ORDER', 2000, '/', 'VIEWLAYER', '600');
INSERT INTO CLASS_ATTR_PROPERTY_CNFG (CLASS_NAME, ATTRIBUTE_NAME, PROPERTY_CODE, OWNER_CNTX, PRESENTATION_CNTX, PROPERTY_TYPE, PROPERTY_VALUE) VALUES ('CT_EC_INSTALL_HISTORY', 'DESCRIPTION', 'DB_SORT_ORDER', 2000, '/', 'VIEWLAYER', '700');
INSERT INTO CLASS_ATTR_PROPERTY_CNFG (CLASS_NAME, ATTRIBUTE_NAME, PROPERTY_CODE, OWNER_CNTX, PRESENTATION_CNTX, PROPERTY_TYPE, PROPERTY_VALUE) VALUES ('CT_EC_INSTALL_HISTORY', 'INSTALLED_BY', 'DB_SORT_ORDER', 2000, '/', 'VIEWLAYER', '600');
INSERT INTO CLASS_ATTR_PROPERTY_CNFG (CLASS_NAME, ATTRIBUTE_NAME, PROPERTY_CODE, OWNER_CNTX, PRESENTATION_CNTX, PROPERTY_TYPE, PROPERTY_VALUE) VALUES ('CT_EC_INSTALL_HISTORY', 'INSTALLED_DATE', 'DB_SORT_ORDER', 2000, '/', 'VIEWLAYER', '500');
INSERT INTO CLASS_ATTR_PROPERTY_CNFG (CLASS_NAME, ATTRIBUTE_NAME, PROPERTY_CODE, OWNER_CNTX, PRESENTATION_CNTX, PROPERTY_TYPE, PROPERTY_VALUE) VALUES ('CT_EC_INSTALL_HISTORY', 'INSTALL_ID', 'DB_SORT_ORDER', 2000, '/', 'VIEWLAYER', '100');
INSERT INTO CLASS_ATTR_PROPERTY_CNFG (CLASS_NAME, ATTRIBUTE_NAME, PROPERTY_CODE, OWNER_CNTX, PRESENTATION_CNTX, PROPERTY_TYPE, PROPERTY_VALUE) VALUES ('CT_EC_INSTALL_HISTORY', 'PREPARED_BY', 'DB_SORT_ORDER', 2000, '/', 'VIEWLAYER', '800');
INSERT INTO CLASS_ATTR_PROPERTY_CNFG (CLASS_NAME, ATTRIBUTE_NAME, PROPERTY_CODE, OWNER_CNTX, PRESENTATION_CNTX, PROPERTY_TYPE, PROPERTY_VALUE) VALUES ('CT_EC_INSTALL_HISTORY', 'RELEASE_DATE', 'DB_SORT_ORDER', 2000, '/', 'VIEWLAYER', '200');
INSERT INTO CLASS_ATTR_PROPERTY_CNFG (CLASS_NAME, ATTRIBUTE_NAME, PROPERTY_CODE, OWNER_CNTX, PRESENTATION_CNTX, PROPERTY_TYPE, PROPERTY_VALUE) VALUES ('CT_EC_INSTALLED_FEATURES', 'CONTEXT_CODE', 'LABEL', 2000, '/EC', 'APPLICATION', 'Context Code');
INSERT INTO CLASS_ATTR_PROPERTY_CNFG (CLASS_NAME, ATTRIBUTE_NAME, PROPERTY_CODE, OWNER_CNTX, PRESENTATION_CNTX, PROPERTY_TYPE, PROPERTY_VALUE) VALUES ('CT_EC_INSTALLED_FEATURES', 'DESCRIPTION', 'LABEL', 2000, '/EC', 'APPLICATION', 'Description');
INSERT INTO CLASS_ATTR_PROPERTY_CNFG (CLASS_NAME, ATTRIBUTE_NAME, PROPERTY_CODE, OWNER_CNTX, PRESENTATION_CNTX, PROPERTY_TYPE, PROPERTY_VALUE) VALUES ('CT_EC_INSTALLED_FEATURES', 'FEATURE_ID', 'LABEL', 2000, '/EC', 'APPLICATION', 'Feature ID');
INSERT INTO CLASS_ATTR_PROPERTY_CNFG (CLASS_NAME, ATTRIBUTE_NAME, PROPERTY_CODE, OWNER_CNTX, PRESENTATION_CNTX, PROPERTY_TYPE, PROPERTY_VALUE) VALUES ('CT_EC_INSTALLED_FEATURES', 'FEATURE_NAME', 'LABEL', 2000, '/EC', 'APPLICATION', 'Feature Name');
INSERT INTO CLASS_ATTR_PROPERTY_CNFG (CLASS_NAME, ATTRIBUTE_NAME, PROPERTY_CODE, OWNER_CNTX, PRESENTATION_CNTX, PROPERTY_TYPE, PROPERTY_VALUE) VALUES ('CT_EC_INSTALLED_FEATURES', 'MAJOR_VERSION', 'LABEL', 2000, '/EC', 'APPLICATION', 'Major Version');
INSERT INTO CLASS_ATTR_PROPERTY_CNFG (CLASS_NAME, ATTRIBUTE_NAME, PROPERTY_CODE, OWNER_CNTX, PRESENTATION_CNTX, PROPERTY_TYPE, PROPERTY_VALUE) VALUES ('CT_EC_INSTALLED_FEATURES', 'MINOR_VERSION', 'LABEL', 2000, '/EC', 'APPLICATION', 'Minor Version');
INSERT INTO CLASS_ATTR_PROPERTY_CNFG (CLASS_NAME, ATTRIBUTE_NAME, PROPERTY_CODE, OWNER_CNTX, PRESENTATION_CNTX, PROPERTY_TYPE, PROPERTY_VALUE) VALUES ('CT_EC_INSTALLED_FEATURES', 'VERSION_STRING', 'LABEL', 2000, '/EC', 'APPLICATION', 'Version String');
INSERT INTO CLASS_ATTR_PROPERTY_CNFG (CLASS_NAME, ATTRIBUTE_NAME, PROPERTY_CODE, OWNER_CNTX, PRESENTATION_CNTX, PROPERTY_TYPE, PROPERTY_VALUE) VALUES ('CT_EC_INSTALL_HISTORY', 'DESCRIPTION', 'LABEL', 2000, '/EC', 'APPLICATION', 'Description');
INSERT INTO CLASS_ATTR_PROPERTY_CNFG (CLASS_NAME, ATTRIBUTE_NAME, PROPERTY_CODE, OWNER_CNTX, PRESENTATION_CNTX, PROPERTY_TYPE, PROPERTY_VALUE) VALUES ('CT_EC_INSTALL_HISTORY', 'INSTALLED_BY', 'LABEL', 2000, '/EC', 'APPLICATION', 'Installed By');
INSERT INTO CLASS_ATTR_PROPERTY_CNFG (CLASS_NAME, ATTRIBUTE_NAME, PROPERTY_CODE, OWNER_CNTX, PRESENTATION_CNTX, PROPERTY_TYPE, PROPERTY_VALUE) VALUES ('CT_EC_INSTALL_HISTORY', 'INSTALLED_DATE', 'LABEL', 2000, '/EC', 'APPLICATION', 'Install Date');
INSERT INTO CLASS_ATTR_PROPERTY_CNFG (CLASS_NAME, ATTRIBUTE_NAME, PROPERTY_CODE, OWNER_CNTX, PRESENTATION_CNTX, PROPERTY_TYPE, PROPERTY_VALUE) VALUES ('CT_EC_INSTALL_HISTORY', 'INSTALL_ID', 'LABEL', 2000, '/EC', 'APPLICATION', 'Install ID');
INSERT INTO CLASS_ATTR_PROPERTY_CNFG (CLASS_NAME, ATTRIBUTE_NAME, PROPERTY_CODE, OWNER_CNTX, PRESENTATION_CNTX, PROPERTY_TYPE, PROPERTY_VALUE) VALUES ('CT_EC_INSTALL_HISTORY', 'PREPARED_BY', 'LABEL', 2000, '/EC', 'APPLICATION', 'Prepared By');
INSERT INTO CLASS_ATTR_PROPERTY_CNFG (CLASS_NAME, ATTRIBUTE_NAME, PROPERTY_CODE, OWNER_CNTX, PRESENTATION_CNTX, PROPERTY_TYPE, PROPERTY_VALUE) VALUES ('CT_EC_INSTALL_HISTORY', 'RELEASE_DATE', 'LABEL', 2000, '/EC', 'APPLICATION', 'Release Date');
INSERT INTO CLASS_ATTR_PROPERTY_CNFG (CLASS_NAME, ATTRIBUTE_NAME, PROPERTY_CODE, OWNER_CNTX, PRESENTATION_CNTX, PROPERTY_TYPE, PROPERTY_VALUE) VALUES ('CT_EC_INSTALLED_FEATURES', 'CONTEXT_CODE', 'SCREEN_SORT_ORDER', 2000, '/EC', 'APPLICATION', '300');
INSERT INTO CLASS_ATTR_PROPERTY_CNFG (CLASS_NAME, ATTRIBUTE_NAME, PROPERTY_CODE, OWNER_CNTX, PRESENTATION_CNTX, PROPERTY_TYPE, PROPERTY_VALUE) VALUES ('CT_EC_INSTALLED_FEATURES', 'DESCRIPTION', 'SCREEN_SORT_ORDER', 2000, '/EC', 'APPLICATION', '700');
INSERT INTO CLASS_ATTR_PROPERTY_CNFG (CLASS_NAME, ATTRIBUTE_NAME, PROPERTY_CODE, OWNER_CNTX, PRESENTATION_CNTX, PROPERTY_TYPE, PROPERTY_VALUE) VALUES ('CT_EC_INSTALLED_FEATURES', 'FEATURE_ID', 'SCREEN_SORT_ORDER', 2000, '/EC', 'APPLICATION', '100');
INSERT INTO CLASS_ATTR_PROPERTY_CNFG (CLASS_NAME, ATTRIBUTE_NAME, PROPERTY_CODE, OWNER_CNTX, PRESENTATION_CNTX, PROPERTY_TYPE, PROPERTY_VALUE) VALUES ('CT_EC_INSTALLED_FEATURES', 'FEATURE_NAME', 'SCREEN_SORT_ORDER', 2000, '/EC', 'APPLICATION', '200');
INSERT INTO CLASS_ATTR_PROPERTY_CNFG (CLASS_NAME, ATTRIBUTE_NAME, PROPERTY_CODE, OWNER_CNTX, PRESENTATION_CNTX, PROPERTY_TYPE, PROPERTY_VALUE) VALUES ('CT_EC_INSTALLED_FEATURES', 'MAJOR_VERSION', 'SCREEN_SORT_ORDER', 2000, '/EC', 'APPLICATION', '400');
INSERT INTO CLASS_ATTR_PROPERTY_CNFG (CLASS_NAME, ATTRIBUTE_NAME, PROPERTY_CODE, OWNER_CNTX, PRESENTATION_CNTX, PROPERTY_TYPE, PROPERTY_VALUE) VALUES ('CT_EC_INSTALLED_FEATURES', 'MINOR_VERSION', 'SCREEN_SORT_ORDER', 2000, '/EC', 'APPLICATION', '500');
INSERT INTO CLASS_ATTR_PROPERTY_CNFG (CLASS_NAME, ATTRIBUTE_NAME, PROPERTY_CODE, OWNER_CNTX, PRESENTATION_CNTX, PROPERTY_TYPE, PROPERTY_VALUE) VALUES ('CT_EC_INSTALLED_FEATURES', 'VERSION_STRING', 'SCREEN_SORT_ORDER', 2000, '/EC', 'APPLICATION', '600');
INSERT INTO CLASS_ATTR_PROPERTY_CNFG (CLASS_NAME, ATTRIBUTE_NAME, PROPERTY_CODE, OWNER_CNTX, PRESENTATION_CNTX, PROPERTY_TYPE, PROPERTY_VALUE) VALUES ('CT_EC_INSTALL_HISTORY', 'DESCRIPTION', 'SCREEN_SORT_ORDER', 2000, '/EC', 'APPLICATION', '700');
INSERT INTO CLASS_ATTR_PROPERTY_CNFG (CLASS_NAME, ATTRIBUTE_NAME, PROPERTY_CODE, OWNER_CNTX, PRESENTATION_CNTX, PROPERTY_TYPE, PROPERTY_VALUE) VALUES ('CT_EC_INSTALL_HISTORY', 'INSTALLED_BY', 'SCREEN_SORT_ORDER', 2000, '/EC', 'APPLICATION', '600');
INSERT INTO CLASS_ATTR_PROPERTY_CNFG (CLASS_NAME, ATTRIBUTE_NAME, PROPERTY_CODE, OWNER_CNTX, PRESENTATION_CNTX, PROPERTY_TYPE, PROPERTY_VALUE) VALUES ('CT_EC_INSTALL_HISTORY', 'INSTALLED_DATE', 'SCREEN_SORT_ORDER', 2000, '/EC', 'APPLICATION', '500');
INSERT INTO CLASS_ATTR_PROPERTY_CNFG (CLASS_NAME, ATTRIBUTE_NAME, PROPERTY_CODE, OWNER_CNTX, PRESENTATION_CNTX, PROPERTY_TYPE, PROPERTY_VALUE) VALUES ('CT_EC_INSTALL_HISTORY', 'INSTALL_ID', 'SCREEN_SORT_ORDER', 2000, '/EC', 'APPLICATION', '100');
INSERT INTO CLASS_ATTR_PROPERTY_CNFG (CLASS_NAME, ATTRIBUTE_NAME, PROPERTY_CODE, OWNER_CNTX, PRESENTATION_CNTX, PROPERTY_TYPE, PROPERTY_VALUE) VALUES ('CT_EC_INSTALL_HISTORY', 'PREPARED_BY', 'SCREEN_SORT_ORDER', 2000, '/EC', 'APPLICATION', '800');
INSERT INTO CLASS_ATTR_PROPERTY_CNFG (CLASS_NAME, ATTRIBUTE_NAME, PROPERTY_CODE, OWNER_CNTX, PRESENTATION_CNTX, PROPERTY_TYPE, PROPERTY_VALUE) VALUES ('CT_EC_INSTALL_HISTORY', 'RELEASE_DATE', 'SCREEN_SORT_ORDER', 2000, '/EC', 'APPLICATION', '200');

set define on
--
-- Loading Relation (project)
--
--
-- Loading Dependency (project)
--
--
-- Loading Action (project)
--
--
-- Loading Regenerate
--

exec ecdp_viewlayer.buildviewlayer('CT_EC_INSTALL_HISTORY',p_force=> 'Y');
exec ecdp_viewlayer.buildreportlayer('CT_EC_INSTALL_HISTORY',p_force=> 'Y');

exec ecdp_viewlayer.buildviewlayer('CT_EC_INSTALLED_FEATURES',p_force=> 'Y');
exec ecdp_viewlayer.buildreportlayer('CT_EC_INSTALLED_FEATURES',p_force=> 'Y');